variety,block,asi
Narragansett,1,3.897280967
Vernal,1,2.471
A4197,1,2.073073073
Narragansett,2,3.926926927
Vernal,2,2.153
A4197,2,2.93993994
