eunit,block,variety,day0,day7,day14,day21
tray1,1,Beaver,116.68145,40.2809,47.10535,76.73345
tray2,1,Wadi_Qurayat,189.58655,117.8466,163.121,201.23805
tray3,2,Beaver,116.01565,32.79065,48.3095,63.6359
tray4,2,Wadi_Qurayat,180.0989,95.70875,138.4474,156.96235
